4	0.8	20.94
46	0.8	4.06
47	0.8	15.55
52	0.8	27.93
108	0.8	19.46
111	0.8	25.86
121	0.8	28.51
137	0.8	17.01
142	0.8	11.45
143	0.8	18.42
144	0.8	6.42
145	0.8	25.79
146	0.8	23.02
186	0.8	15.91
197	0.8	21.43
252	0.8	19.97
253	0.8	22.07
273	0.8	22.97
291	0.8	0.76
293	0.8	1.64
315	0.8	8.05
323	0.8	20.09
326	0.8	21.18
332	0.8	20.65
382	0.8	18.85
385	0.8	26.90
406	0.8	19.82
416	0.8	0.60
470	0.8	13.55
487	0.8	2.11
488	0.8	3.28
494	0.8	3.94
495	0.8	11.00
497	0.8	0.96
498	0.8	0.42
525	0.8	0.35
526	0.8	0.68
527	0.8	1.22
528	0.8	9.79
531	0.8	9.71
596	0.8	18.84
602	0.8	6.58
604	0.8	3.00
614	0.8	13.54
619	0.8	7.13
620	0.8	15.77
621	0.8	9.46
622	0.8	0.84
645	0.8	2.44
651	0.8	5.72
652	0.8	10.96
653	0.8	8.47
654	0.8	15.94
659	0.8	0.55
661	0.8	0.69
662	0.8	15.40
663	0.8	9.66
664	0.8	0.88
665	0.8	1.28
672	0.8	0.36
673	0.8	0.48
674	0.8	5.07
676	0.8	1.16
973	0.8	0.50
989	0.8	27.39
990	0.8	13.27
991	0.8	6.06
1011	0.8	17.26
1052	0.8	0.83
1093	0.8	7.03
1097	0.8	1.86
1110	0.8	29.59
1115	0.8	3.41
1116	0.8	1.39
1118	0.8	0.42
1119	0.8	0.96
1140	0.8	25.01
1141	0.8	25.65
1142	0.8	9.80
1143	0.8	19.17
1144	0.8	3.16
1145	0.8	22.80
1146	0.8	17.46
1147	0.8	14.52
1159	0.8	0.44
1160	0.8	0.86
1161	0.8	3.14
1162	0.8	9.47
1164	0.8	22.50
1598	0.8	20.90
1805	0.8	3.23
1835	0.8	8.53
2005	0.8	25.11
2043	0.8	20.01
2044	0.8	6.79
2045	0.8	13.75
2070	0.8	2.55
2071	0.8	0.50
2072	0.8	0.36
2411	0.8	0.76
2527	0.8	15.53
2532	0.8	5.60
2533	0.8	9.19
2550	0.8	0.94
2648	0.8	19.83
2649	0.8	12.23
2650	0.8	5.96
2666	0.8	2.81
3018	0.8	0.46
3019	0.8	0.85
3020	0.8	2.04
3561	0.8	6.79
3615	0.8	16.40
3940	0.8	10.17
3967	0.8	23.39
3974	0.8	7.61
3996	0.8	17.82
3997	0.8	11.90
4184	0.8	22.88
4186	0.8	4.28
4195	0.8	0.92
4196	0.8	0.62
4197	0.8	0.38
4355	0.8	0.89
4356	0.8	13.35
4357	0.8	3.30
4358	0.8	0.85
4370	0.8	8.09
4404	0.8	8.43
4405	0.8	19.02
4463	0.8	19.44
4663	0.8	15.71
4672	0.8	23.31
5088	0.8	24.88
5312	0.8	28.09
5354	0.8	2.52
5383	0.8	0.76
5507	0.8	1.23
5656	0.8	5.78
5657	0.8	2.39
5663	0.8	0.36
5711	0.8	1.56
5712	0.8	11.37
5713	0.8	5.78
5723	0.8	26.28
5903	0.8	6.18
5990	0.8	0.46
5991	0.8	0.89
6138	0.8	1.18
6735	0.8	7.25
6769	0.8	14.15
6770	0.8	21.89
6805	0.8	10.04
6806	0.8	3.23
6807	0.8	35.44
6845	0.8	3.13
7046	0.8	4.74
7328	0.8	12.07
7470	0.8	4.85
7510	0.8	0.36
7511	0.8	0.62
7512	0.8	1.34
7513	0.8	14.68
7514	0.8	24.93
7897	0.8	28.12
7993	0.8	7.24
8028	0.8	13.00
8029	0.8	10.39
8179	0.8	4.31
8194	0.8	27.73
8237	0.8	26.37
8284	0.8	18.50
8285	0.8	0.64
8287	0.8	15.65
8289	0.8	2.34
8290	0.8	10.26
8399	0.8	20.06
8514	0.8	26.69
8551	0.8	22.35
8660	0.8	14.43
9311	0.8	27.08
9334	0.8	25.79
9364	0.8	19.77
9790	0.8	11.49
9949	0.8	12.41
10017	0.8	8.75
10088	0.8	20.49
10239	0.8	17.61
10749	0.8	13.65
10752	0.8	29.20
10795	0.8	32.59
10798	0.8	36.44
10809	0.8	13.29
10859	0.8	7.42
10860	0.8	3.24
10861	0.8	5.45
10862	0.8	1.56
10863	0.8	0.82
10864	0.8	0.50
10930	0.8	8.08
10931	0.8	0.95
10932	0.8	0.39
10933	0.8	1.83
11270	0.8	28.75
11457	0.8	14.83
11683	0.8	7.83
11684	0.8	1.44
11687	0.8	5.19
11688	0.8	15.40
11691	0.8	13.04
11828	0.8	5.88
11902	0.8	15.91
11903	0.8	19.40
12179	0.8	30.03
12180	0.8	30.15
12225	0.8	2.59
12256	0.8	7.65
12287	0.8	14.57
12288	0.8	2.17
12289	0.8	1.43
12290	0.8	0.51
12328	0.8	5.34
12329	0.8	10.64
12361	0.8	17.59
12540	0.8	8.89
12730	0.8	2.16
13245	0.8	26.78
13247	0.8	10.97
13295	0.8	0.81
13312	0.8	33.35
13333	0.8	24.76
13348	0.8	11.29
13349	0.8	19.49
13419	0.8	15.62
13486	0.8	12.14
13489	0.8	21.39
13542	0.8	28.26
13725	0.8	15.28
13727	0.8	4.10
13728	0.8	9.25
13801	0.8	20.99
13822	0.8	15.44
13857	0.8	0.82
13858	0.8	5.70
13859	0.8	1.76
13865	0.8	31.24
13892	0.8	0.77
13893	0.8	2.86
13894	0.8	5.86
13895	0.8	1.39
14087	0.8	18.94
14186	0.8	7.66
14187	0.8	3.85
14302	0.8	2.29
14305	0.8	29.41
14306	0.8	16.30
14307	0.8	11.44
14322	0.8	28.30
14364	0.8	7.03
14387	0.8	9.98
14388	0.8	15.67
14389	0.8	8.18
14396	0.8	17.88
14495	0.8	14.45
14519	0.8	23.62
14531	0.8	21.92
14557	0.8	19.79
14558	0.8	13.56
14559	0.8	9.38
14560	0.8	2.14
14561	0.8	14.98
14564	0.8	16.31
14582	0.8	28.16
14624	0.8	32.60
14703	0.8	16.95
14750	0.8	16.65
14764	0.8	10.93
14802	0.8	27.69
14817	0.8	18.84
14826	0.8	23.82
14827	0.8	15.82
14854	0.8	27.09
14856	0.8	24.07
14885	0.8	23.17
14892	0.8	20.28
14999	0.8	27.67
15046	0.8	27.84
15078	0.8	21.29
15108	0.8	15.98
15139	0.8	19.33
15225	0.8	22.97
15271	0.8	9.00
15587	0.8	22.25
15588	0.8	2.66
15700	0.8	22.59
16011	0.8	22.66
16046	0.8	15.63
16323	0.8	26.63
16360	0.8	22.39
16658	0.8	16.49
16675	0.8	17.68
16818	0.8	11.64
17298	0.8	29.20
17518	0.8	11.22
17530	0.8	6.84
17532	0.8	2.45
18365	0.8	0.85
18380	0.8	18.54
18381	0.8	9.46
18382	0.8	4.85
18442	0.8	16.99
18443	0.8	29.81
19016	0.8	15.92
19193	0.8	15.02
19271	0.8	3.69
19272	0.8	9.16
19273	0.8	17.45
19784	0.8	11.64
19928	0.8	11.72
20204	0.8	15.62
20381	0.8	13.87
20568	0.8	19.93
21024	0.8	19.51
21168	0.8	17.04
21256	0.8	10.20
21257	0.8	3.67
21258	0.8	1.43
21274	0.8	11.23
21291	0.8	5.77
21533	0.8	28.89
21745	0.8	19.84
21918	0.8	0.93
21924	0.8	22.93
22020	0.8	1.35
22023	0.8	0.50
22026	0.8	7.57
22027	0.8	2.21
22121	0.8	19.99
22173	0.8	24.14
22214	0.8	28.70
22220	0.8	27.29
22229	0.8	23.14
22260	0.8	12.18
22469	0.8	13.01
22623	0.8	18.19
22624	0.8	16.70
22817	0.8	29.85
22883	0.8	0.99
22884	0.8	3.52
22885	0.8	1.83
22917	0.8	33.15
22918	0.8	21.95
22978	0.8	33.61
23195	0.8	23.45
23280	0.8	23.82
23281	0.8	4.62
23288	0.8	5.43
23289	0.8	1.55
23290	0.8	12.84
23351	0.8	15.71
23590	0.8	17.15
23685	0.8	14.54
23771	0.8	13.27
23949	0.8	24.88
23950	0.8	25.75
23975	0.8	20.78
24000	0.8	13.80
24259	0.8	20.21
24305	0.8	0.85
24306	0.8	9.50
24307	0.8	13.33
24308	0.8	16.44
24309	0.8	3.27
24845	0.8	20.20
25170	0.8	12.88
25232	0.8	11.80
25459	0.8	19.58
25607	0.8	9.32
25627	0.8	13.44
25780	0.8	23.78
25799	0.8	3.05
25940	0.8	12.22
25989	0.8	19.54
26016	0.8	26.12
26079	0.8	9.40
26138	0.8	25.02
26142	0.8	13.69
26149	0.8	25.15
26364	0.8	21.45
26378	0.8	18.15
26708	0.8	12.59
26767	0.8	4.27
27034	0.8	14.80
27233	0.8	10.75
27386	0.8	26.10
27533	0.8	16.34
27669	0.8	27.65
27722	0.8	23.57
27759	0.8	26.88
27763	0.8	35.51
27764	0.8	32.07
27766	0.8	32.28
27767	0.8	23.86
27918	0.8	21.38
27921	0.8	7.38
27922	0.8	21.10
28106	0.8	19.70
28108	0.8	10.95
28110	0.8	19.13
28111	0.8	18.41
28112	0.8	4.19
28114	0.8	8.35
28136	0.8	3.64
28408	0.8	23.38
28409	0.8	14.87
28662	0.8	22.43
28663	0.8	23.36
28814	0.8	6.10
28827	0.8	25.78
29120	0.8	9.07
29609	0.8	11.15
29712	0.8	23.65
30002	0.8	19.60
30670	0.8	1.70
30671	0.8	3.91
30672	0.8	2.57
30673	0.8	15.17
31473	0.8	3.11
33686	0.8	1.06
33918	0.8	9.66
33980	0.8	2.98
34315	0.8	1.72
34785	0.8	13.60
34929	0.8	12.19
35534	0.8	4.72
35679	0.8	6.28
35802	0.8	19.96
36128	0.8	23.39
36227	0.8	1.35
36228	0.8	0.49
36256	0.8	2.16
36504	0.8	21.75
36539	0.8	32.14
36540	0.8	28.56
36613	0.8	11.43
39418	0.8	28.50
41210	0.8	17.03
41217	0.8	2.64
41218	0.8	1.31
41219	0.8	5.60
41565	0.8	15.51
41705	0.8	0.54
41708	0.8	3.72
42541	0.8	24.52
4	0.9	24.71
46	0.9	5.68
47	0.9	19.66
52	0.9	31.19
108	0.9	23.22
111	0.9	30.27
121	0.9	32.31
137	0.9	20.45
142	0.9	14.84
143	0.9	22.69
144	0.9	8.54
145	0.9	29.50
146	0.9	26.59
186	0.9	19.13
197	0.9	24.95
252	0.9	23.29
253	0.9	26.27
273	0.9	26.75
291	0.9	0.83
293	0.9	1.88
315	0.9	11.32
323	0.9	23.54
326	0.9	24.96
332	0.9	24.93
382	0.9	22.45
385	0.9	30.89
406	0.9	23.98
416	0.9	0.63
470	0.9	16.64
487	0.9	2.88
488	0.9	4.85
494	0.9	6.02
495	0.9	14.00
497	0.9	1.40
498	0.9	0.43
525	0.9	0.36
526	0.9	0.70
527	0.9	1.48
528	0.9	12.43
531	0.9	13.39
596	0.9	21.55
602	0.9	8.67
604	0.9	4.06
614	0.9	16.92
619	0.9	9.86
620	0.9	20.17
621	0.9	13.06
622	0.9	1.31
645	0.9	3.29
651	0.9	7.30
652	0.9	14.51
653	0.9	11.67
654	0.9	19.77
659	0.9	0.57
661	0.9	0.71
662	0.9	19.53
663	0.9	13.21
664	0.9	1.53
665	0.9	2.55
672	0.9	0.36
673	0.9	0.49
674	0.9	7.31
676	0.9	1.32
973	0.9	0.52
989	0.9	31.42
990	0.9	16.91
991	0.9	8.42
1011	0.9	21.35
1052	0.9	0.89
1093	0.9	9.65
1097	0.9	2.65
1110	0.9	33.03
1115	0.9	4.57
1116	0.9	1.79
1118	0.9	0.43
1119	0.9	1.14
1140	0.9	29.00
1141	0.9	29.42
1142	0.9	12.82
1143	0.9	22.96
1144	0.9	3.92
1145	0.9	26.74
1146	0.9	21.22
1147	0.9	17.65
1159	0.9	0.46
1160	0.9	0.93
1161	0.9	4.99
1162	0.9	12.83
1164	0.9	26.99
1598	0.9	24.78
1805	0.9	4.48
1835	0.9	11.08
2005	0.9	28.91
2043	0.9	23.71
2044	0.9	8.84
2045	0.9	16.73
2070	0.9	3.56
2071	0.9	0.52
2072	0.9	0.36
2411	0.9	0.97
2527	0.9	19.53
2532	0.9	7.44
2533	0.9	12.36
2550	0.9	1.33
2648	0.9	23.54
2649	0.9	15.34
2650	0.9	7.70
2666	0.9	3.99
3018	0.9	0.48
3019	0.9	0.97
3020	0.9	2.96
3561	0.9	9.53
3615	0.9	20.55
3940	0.9	12.28
3967	0.9	27.77
3974	0.9	9.76
3996	0.9	22.12
3997	0.9	15.09
4184	0.9	26.71
4186	0.9	5.69
4195	0.9	1.46
4196	0.9	0.64
4197	0.9	0.39
4355	0.9	1.42
4356	0.9	17.22
4357	0.9	5.74
4358	0.9	2.54
4370	0.9	11.15
4404	0.9	11.51
4405	0.9	23.40
4463	0.9	23.75
4663	0.9	19.91
4672	0.9	27.68
5088	0.9	29.12
5312	0.9	31.99
5354	0.9	3.81
5383	0.9	0.92
5507	0.9	1.53
5656	0.9	7.65
5657	0.9	2.94
5663	0.9	0.35
5711	0.9	3.28
5712	0.9	16.27
5713	0.9	9.22
5723	0.9	29.79
5903	0.9	8.12
5990	0.9	0.47
5991	0.9	1.11
6138	0.9	1.75
6735	0.9	10.19
6769	0.9	17.87
6770	0.9	26.27
6805	0.9	13.89
6806	0.9	4.93
6807	0.9	38.64
6845	0.9	4.50
7046	0.9	5.78
7328	0.9	15.65
7470	0.9	6.03
7510	0.9	0.38
7511	0.9	0.65
7512	0.9	2.74
7513	0.9	18.50
7514	0.9	28.31
7897	0.9	32.27
7993	0.9	10.22
8028	0.9	16.52
8029	0.9	13.51
8179	0.9	5.40
8194	0.9	30.95
8237	0.9	29.62
8284	0.9	23.12
8285	0.9	0.76
8287	0.9	19.81
8289	0.9	4.22
8290	0.9	13.69
8399	0.9	24.42
8514	0.9	29.69
8551	0.9	26.29
8660	0.9	18.47
9311	0.9	30.20
9334	0.9	29.81
9364	0.9	24.36
9790	0.9	14.70
9949	0.9	15.62
10017	0.9	11.52
10088	0.9	24.34
10239	0.9	21.51
10749	0.9	17.15
10752	0.9	32.84
10795	0.9	36.16
10798	0.9	39.71
10809	0.9	16.33
10859	0.9	10.71
10860	0.9	5.58
10861	0.9	7.61
10862	0.9	2.87
10863	0.9	1.04
10864	0.9	0.52
10930	0.9	10.35
10931	0.9	1.24
10932	0.9	0.40
10933	0.9	2.70
11270	0.9	32.54
11457	0.9	19.50
11683	0.9	10.27
11684	0.9	1.79
11687	0.9	7.00
11688	0.9	20.13
11691	0.9	16.26
11828	0.9	8.18
11902	0.9	20.18
11903	0.9	23.78
12179	0.9	33.96
12180	0.9	33.70
12225	0.9	3.18
12256	0.9	9.95
12287	0.9	18.33
12288	0.9	3.07
12289	0.9	1.91
12290	0.9	0.53
12328	0.9	7.24
12329	0.9	13.39
12361	0.9	20.24
12540	0.9	11.80
12730	0.9	2.99
13245	0.9	30.73
13247	0.9	13.72
13295	0.9	0.86
13312	0.9	36.64
13333	0.9	28.33
13348	0.9	13.81
13349	0.9	22.79
13419	0.9	19.11
13486	0.9	14.71
13489	0.9	24.97
13542	0.9	31.74
13725	0.9	18.97
13727	0.9	4.97
13728	0.9	11.87
13801	0.9	25.24
13822	0.9	19.05
13857	0.9	0.93
13858	0.9	6.93
13859	0.9	1.99
13865	0.9	34.76
13892	0.9	1.13
13893	0.9	4.63
13894	0.9	8.86
13895	0.9	2.50
14087	0.9	23.09
14186	0.9	10.55
14187	0.9	5.39
14302	0.9	3.14
14305	0.9	33.14
14306	0.9	20.39
14307	0.9	14.87
14322	0.9	32.71
14364	0.9	9.17
14387	0.9	12.87
14388	0.9	19.27
14389	0.9	10.78
14396	0.9	21.91
14495	0.9	17.24
14519	0.9	27.20
14531	0.9	25.49
14557	0.9	24.18
14558	0.9	17.78
14559	0.9	12.82
14560	0.9	3.66
14561	0.9	18.46
14564	0.9	20.23
14582	0.9	32.00
14624	0.9	36.25
14703	0.9	19.65
14750	0.9	20.08
14764	0.9	14.10
14802	0.9	29.52
14817	0.9	22.66
14826	0.9	28.34
14827	0.9	19.73
14854	0.9	31.28
14856	0.9	28.23
14885	0.9	26.77
14892	0.9	24.09
14999	0.9	31.33
15046	0.9	31.36
15078	0.9	25.52
15108	0.9	19.52
15139	0.9	23.50
15225	0.9	26.80
15271	0.9	11.22
15587	0.9	26.80
15588	0.9	3.45
15700	0.9	27.10
16011	0.9	26.20
16046	0.9	19.89
16323	0.9	30.16
16360	0.9	26.62
16658	0.9	18.85
16675	0.9	21.82
16818	0.9	14.73
17298	0.9	32.76
17518	0.9	14.34
17530	0.9	9.58
17532	0.9	3.57
18365	0.9	0.90
18380	0.9	21.76
18381	0.9	12.42
18382	0.9	6.13
18442	0.9	20.77
18443	0.9	33.52
19016	0.9	19.85
19193	0.9	18.34
19271	0.9	4.58
19272	0.9	11.90
19273	0.9	20.73
19784	0.9	14.73
19928	0.9	14.90
20204	0.9	19.64
20381	0.9	16.89
20568	0.9	22.87
21024	0.9	23.16
21168	0.9	20.40
21256	0.9	13.22
21257	0.9	4.93
21258	0.9	1.79
21274	0.9	14.24
21291	0.9	8.00
21533	0.9	32.75
21745	0.9	24.01
21918	0.9	1.01
21924	0.9	27.40
22020	0.9	1.73
22023	0.9	0.52
22026	0.9	9.77
22027	0.9	3.26
22121	0.9	22.79
22173	0.9	27.81
22214	0.9	32.15
22220	0.9	30.75
22229	0.9	27.13
22260	0.9	16.52
22469	0.9	16.30
22623	0.9	21.85
22624	0.9	20.12
22817	0.9	33.00
22883	0.9	1.48
22884	0.9	5.45
22885	0.9	2.96
22917	0.9	36.87
22918	0.9	26.39
22978	0.9	37.20
23195	0.9	27.15
23280	0.9	27.36
23281	0.9	6.23
23288	0.9	7.21
23289	0.9	1.98
23290	0.9	15.50
23351	0.9	19.29
23590	0.9	21.26
23685	0.9	18.22
23771	0.9	17.32
23949	0.9	28.00
23950	0.9	29.15
23975	0.9	25.07
24000	0.9	17.37
24259	0.9	23.50
24305	0.9	1.04
24306	0.9	11.91
24307	0.9	16.64
24308	0.9	20.21
24309	0.9	4.25
24845	0.9	23.90
25170	0.9	16.67
25232	0.9	14.51
25459	0.9	22.81
25607	0.9	12.22
25627	0.9	16.98
25780	0.9	27.43
25799	0.9	4.40
25940	0.9	15.69
25989	0.9	24.33
26016	0.9	29.76
26079	0.9	12.50
26138	0.9	28.88
26142	0.9	16.49
26149	0.9	28.42
26364	0.9	25.15
26378	0.9	21.99
26708	0.9	16.29
26767	0.9	5.87
27034	0.9	18.68
27233	0.9	13.83
27386	0.9	29.83
27533	0.9	21.44
27669	0.9	31.17
27722	0.9	27.31
27759	0.9	31.24
27763	0.9	38.72
27764	0.9	35.25
27766	0.9	35.63
27767	0.9	27.79
27918	0.9	24.93
27921	0.9	9.58
27922	0.9	25.25
28106	0.9	22.71
28108	0.9	14.47
28110	0.9	23.91
28111	0.9	22.30
28112	0.9	5.36
28114	0.9	10.50
28136	0.9	5.13
28408	0.9	27.46
28409	0.9	17.49
28662	0.9	27.05
28663	0.9	27.44
28814	0.9	8.63
28827	0.9	29.27
29120	0.9	12.14
29609	0.9	14.20
29712	0.9	28.18
30002	0.9	24.28
30670	0.9	2.61
30671	0.9	6.25
30672	0.9	4.29
30673	0.9	18.77
31473	0.9	4.41
33686	0.9	1.51
33918	0.9	12.93
33980	0.9	4.31
34315	0.9	2.27
34785	0.9	17.24
34929	0.9	15.98
35534	0.9	5.53
35679	0.9	8.43
35802	0.9	24.51
36128	0.9	27.53
36227	0.9	2.09
36228	0.9	0.51
36256	0.9	3.98
36504	0.9	25.88
36539	0.9	35.63
36540	0.9	33.04
36613	0.9	13.82
39418	0.9	32.40
41210	0.9	20.73
41217	0.9	3.32
41218	0.9	1.55
41219	0.9	7.83
41565	0.9	19.17
41705	0.9	0.56
41708	0.9	5.06
42541	0.9	28.44
4	1	28.16
46	1	7.28
47	1	22.86
52	1	33.12
108	1	26.16
111	1	32.86
121	1	35.86
137	1	23.59
142	1	18.17
143	1	26.33
144	1	10.74
145	1	32.45
146	1	29.53
186	1	21.92
197	1	27.57
252	1	26.37
253	1	28.99
273	1	29.76
291	1	0.85
293	1	2.00
315	1	13.28
323	1	26.85
326	1	28.27
332	1	27.82
382	1	25.04
385	1	33.68
406	1	27.37
416	1	0.65
470	1	19.23
487	1	3.69
488	1	6.17
494	1	7.82
495	1	16.46
497	1	1.76
498	1	0.45
525	1	0.37
526	1	0.73
527	1	1.68
528	1	14.75
531	1	16.56
596	1	23.55
602	1	10.52
604	1	4.97
614	1	20.37
619	1	12.18
620	1	23.41
621	1	14.64
622	1	2.79
645	1	4.16
651	1	8.61
652	1	17.43
653	1	14.16
654	1	22.55
659	1	0.59
661	1	0.74
662	1	22.89
663	1	15.85
664	1	2.09
665	1	3.64
672	1	0.36
673	1	0.51
674	1	9.62
676	1	1.46
973	1	0.53
989	1	34.54
990	1	20.41
991	1	11.00
1011	1	25.31
1052	1	0.90
1093	1	11.43
1097	1	3.12
1110	1	35.69
1115	1	6.42
1116	1	2.13
1118	1	0.45
1119	1	1.30
1140	1	32.27
1141	1	32.41
1142	1	15.42
1143	1	26.27
1144	1	4.60
1145	1	30.10
1146	1	24.40
1147	1	20.39
1159	1	0.47
1160	1	0.93
1161	1	6.23
1162	1	15.05
1164	1	29.28
1598	1	28.03
1805	1	6.04
1835	1	13.92
2005	1	32.22
2043	1	26.84
2044	1	11.15
2045	1	19.35
2070	1	4.73
2071	1	0.54
2072	1	0.36
2411	1	1.13
2527	1	23.29
2532	1	9.71
2533	1	15.73
2550	1	1.79
2648	1	26.71
2649	1	18.02
2650	1	9.14
2666	1	5.31
3018	1	0.49
3019	1	1.11
3020	1	3.99
3561	1	12.20
3615	1	22.95
3940	1	14.10
3967	1	31.43
3974	1	11.67
3996	1	25.67
3997	1	17.85
4184	1	29.93
4186	1	7.71
4195	1	2.37
4196	1	0.66
4197	1	0.41
4355	1	1.88
4356	1	20.82
4357	1	8.12
4358	1	4.13
4370	1	14.05
4404	1	14.54
4405	1	26.98
4463	1	27.48
4663	1	23.46
4672	1	30.10
5088	1	32.47
5312	1	34.64
5354	1	4.91
5383	1	1.06
5507	1	1.93
5656	1	9.97
5657	1	4.11
5663	1	0.36
5711	1	4.77
5712	1	18.72
5713	1	11.97
5723	1	32.23
5903	1	11.06
5990	1	0.49
5991	1	1.31
6138	1	2.22
6735	1	13.48
6769	1	20.93
6770	1	29.43
6805	1	17.52
6806	1	6.49
6807	1	41.16
6845	1	5.86
7046	1	7.53
7328	1	18.54
7470	1	7.64
7510	1	0.39
7511	1	0.67
7512	1	3.96
7513	1	21.57
7514	1	30.05
7897	1	35.61
7993	1	12.97
8028	1	19.52
8029	1	16.22
8179	1	6.33
8194	1	33.15
8237	1	31.82
8284	1	26.26
8285	1	0.85
8287	1	23.30
8289	1	5.85
8290	1	16.51
8399	1	28.10
8514	1	32.04
8551	1	29.29
8660	1	21.69
9311	1	32.62
9334	1	32.68
9364	1	26.80
9790	1	16.84
9949	1	18.51
10017	1	14.26
10088	1	27.34
10239	1	24.93
10749	1	19.86
10752	1	35.67
10795	1	39.10
10798	1	42.51
10809	1	19.07
10859	1	13.48
10860	1	7.61
10861	1	9.48
10862	1	4.00
10863	1	1.22
10864	1	0.54
10930	1	12.28
10931	1	1.48
10932	1	0.41
10933	1	3.43
11270	1	35.40
11457	1	23.52
11683	1	11.21
11684	1	2.55
11687	1	8.22
11688	1	20.75
11691	1	19.32
11828	1	10.70
11902	1	22.62
11903	1	27.02
12179	1	36.99
12180	1	35.56
12225	1	3.71
12256	1	13.05
12287	1	21.61
12288	1	4.07
12289	1	2.32
12290	1	0.55
12328	1	9.87
12329	1	16.13
12361	1	23.00
12540	1	14.39
12730	1	4.80
13245	1	33.55
13247	1	17.33
13295	1	0.91
13312	1	38.84
13333	1	31.28
13348	1	17.15
13349	1	26.05
13419	1	22.69
13486	1	17.55
13489	1	28.06
13542	1	34.73
13725	1	22.42
13727	1	5.81
13728	1	14.39
13801	1	28.22
13822	1	21.76
13857	1	1.11
13858	1	9.46
13859	1	3.04
13865	1	37.45
13892	1	1.43
13893	1	6.22
13894	1	10.92
13895	1	3.48
14087	1	26.41
14186	1	12.91
14187	1	6.65
14302	1	4.60
14305	1	36.43
14306	1	24.07
14307	1	18.29
14322	1	36.20
14364	1	11.06
14387	1	15.53
14388	1	23.24
14389	1	13.91
14396	1	25.50
14495	1	20.48
14519	1	29.85
14531	1	28.53
14557	1	27.37
14558	1	21.27
14559	1	15.85
14560	1	5.25
14561	1	22.19
14564	1	23.61
14582	1	35.35
14624	1	38.02
14703	1	22.76
14750	1	22.94
14764	1	17.35
14802	1	31.40
14817	1	25.88
14826	1	32.01
14827	1	23.15
14854	1	34.24
14856	1	31.08
14885	1	29.78
14892	1	27.29
14999	1	34.42
15046	1	34.36
15078	1	28.99
15108	1	22.56
15139	1	26.37
15225	1	29.76
15271	1	13.93
15587	1	30.62
15588	1	4.27
15700	1	31.01
16011	1	28.97
16046	1	23.32
16323	1	32.64
16360	1	29.39
16658	1	20.81
16675	1	22.01
16818	1	17.48
17298	1	35.25
17518	1	16.66
17530	1	12.32
17532	1	4.77
18365	1	0.96
18380	1	24.52
18381	1	15.79
18382	1	7.80
18442	1	24.18
18443	1	36.55
19016	1	23.11
19193	1	21.00
19271	1	5.33
19272	1	14.21
19273	1	23.41
19784	1	17.68
19928	1	18.06
20204	1	22.98
20381	1	19.61
20568	1	25.23
21024	1	25.92
21168	1	23.11
21256	1	16.45
21257	1	6.49
21258	1	2.11
21274	1	16.52
21291	1	10.36
21533	1	35.53
21745	1	26.73
21918	1	1.10
21924	1	31.33
22020	1	1.97
22023	1	0.54
22026	1	11.81
22027	1	4.34
22121	1	25.17
22173	1	30.74
22214	1	34.14
22220	1	33.91
22229	1	29.64
22260	1	20.08
22469	1	19.62
22623	1	25.31
22624	1	23.49
22817	1	35.35
22883	1	1.93
22884	1	7.12
22885	1	3.86
22917	1	38.99
22918	1	29.95
22978	1	39.83
23195	1	29.94
23280	1	30.21
23281	1	8.54
23288	1	9.15
23289	1	2.59
23290	1	17.68
23351	1	21.57
23590	1	24.77
23685	1	20.31
23771	1	20.66
23949	1	30.98
23950	1	32.33
23975	1	28.86
24000	1	20.87
24259	1	26.38
24305	1	1.72
24306	1	14.36
24307	1	19.93
24308	1	23.87
24309	1	5.43
24845	1	27.12
25170	1	19.69
25232	1	17.18
25459	1	25.69
25607	1	14.80
25627	1	19.92
25780	1	30.56
25799	1	6.27
25940	1	18.65
25989	1	25.21
26016	1	31.73
26079	1	15.29
26138	1	32.10
26142	1	19.38
26149	1	31.08
26364	1	28.04
26378	1	24.88
26708	1	19.69
26767	1	7.56
27034	1	21.14
27233	1	17.01
27386	1	32.97
27533	1	25.71
27669	1	33.92
27722	1	30.54
27759	1	34.30
27763	1	41.33
27764	1	37.85
27766	1	38.18
27767	1	31.13
27918	1	27.56
27921	1	11.74
27922	1	28.62
28106	1	25.28
28108	1	17.42
28110	1	25.30
28111	1	25.22
28112	1	6.36
28114	1	12.41
28136	1	6.29
28408	1	29.42
28409	1	20.11
28662	1	29.45
28663	1	30.43
28814	1	10.65
28827	1	31.26
29120	1	14.36
29609	1	16.74
29712	1	32.34
30002	1	29.50
30670	1	3.35
30671	1	8.37
30672	1	5.65
30673	1	21.88
31473	1	5.52
33686	1	1.90
33918	1	15.39
33980	1	5.69
34315	1	3.57
34785	1	20.23
34929	1	19.29
35534	1	7.48
35679	1	11.30
35802	1	28.08
36128	1	30.95
36227	1	2.72
36228	1	0.53
36256	1	5.54
36504	1	28.05
36539	1	38.45
36540	1	36.46
36613	1	16.30
39418	1	35.44
41210	1	23.38
41217	1	4.50
41218	1	2.11
41219	1	10.30
41565	1	22.70
41705	1	0.72
41708	1	6.83
42541	1	32.02
4	1.1	31.63
46	1.1	8.81
47	1.1	25.73
52	1.1	35.54
108	1.1	29.28
111	1.1	36.12
121	1.1	37.80
137	1.1	26.56
142	1.1	20.89
143	1.1	28.81
144	1.1	12.50
145	1.1	35.09
146	1.1	32.06
186	1.1	24.88
197	1.1	30.58
252	1.1	29.07
253	1.1	32.25
273	1.1	32.59
291	1.1	1.34
293	1.1	2.87
315	1.1	16.34
323	1.1	29.57
326	1.1	31.25
332	1.1	30.59
382	1.1	27.82
385	1.1	36.72
406	1.1	30.13
416	1.1	0.68
470	1.1	21.71
487	1.1	4.39
488	1.1	7.40
494	1.1	9.85
495	1.1	19.10
497	1.1	2.10
498	1.1	0.47
525	1.1	0.39
526	1.1	1.33
527	1.1	3.61
528	1.1	17.89
531	1.1	19.48
596	1.1	25.32
602	1.1	12.98
604	1.1	6.42
614	1.1	24.40
619	1.1	14.71
620	1.1	26.71
621	1.1	20.14
622	1.1	4.43
645	1.1	5.04
651	1.1	10.13
652	1.1	20.33
653	1.1	16.51
654	1.1	25.16
659	1.1	0.63
661	1.1	0.96
662	1.1	25.85
663	1.1	18.39
664	1.1	2.63
665	1.1	4.99
672	1.1	0.36
673	1.1	0.53
674	1.1	11.79
676	1.1	1.58
973	1.1	0.62
989	1.1	37.41
990	1.1	23.38
991	1.1	13.27
1011	1.1	28.63
1052	1.1	1.02
1093	1.1	14.30
1097	1.1	3.85
1110	1.1	37.61
1115	1.1	8.37
1116	1.1	2.45
1118	1.1	0.47
1119	1.1	1.44
1140	1.1	35.12
1141	1.1	34.53
1142	1.1	18.87
1143	1.1	29.21
1144	1.1	6.09
1145	1.1	32.77
1146	1.1	27.44
1147	1.1	23.27
1159	1.1	0.50
1160	1.1	0.99
1161	1.1	8.44
1162	1.1	18.38
1164	1.1	32.77
1598	1.1	31.12
1805	1.1	7.77
1835	1.1	16.67
2005	1.1	35.09
2043	1.1	29.98
2044	1.1	13.73
2045	1.1	22.50
2070	1.1	5.83
2071	1.1	0.56
2072	1.1	0.37
2411	1.1	1.37
2527	1.1	26.43
2532	1.1	11.71
2533	1.1	18.55
2550	1.1	2.01
2648	1.1	29.64
2649	1.1	21.06
2650	1.1	11.68
2666	1.1	6.42
3018	1.1	0.51
3019	1.1	1.30
3020	1.1	5.21
3561	1.1	15.34
3615	1.1	26.56
3940	1.1	16.79
3967	1.1	34.72
3974	1.1	14.56
3996	1.1	28.90
3997	1.1	21.27
4184	1.1	32.74
4186	1.1	9.50
4195	1.1	3.02
4196	1.1	0.70
4197	1.1	0.42
4355	1.1	2.33
4356	1.1	23.83
4357	1.1	10.26
4358	1.1	5.61
4370	1.1	16.57
4404	1.1	17.14
4405	1.1	30.03
4463	1.1	30.48
4663	1.1	26.58
4672	1.1	33.12
5088	1.1	35.45
5312	1.1	37.47
5354	1.1	6.38
5383	1.1	1.18
5507	1.1	2.37
5656	1.1	13.13
5657	1.1	6.43
5663	1.1	0.36
5711	1.1	6.40
5712	1.1	20.78
5713	1.1	14.55
5723	1.1	35.06
5903	1.1	13.66
5990	1.1	0.51
5991	1.1	1.48
6138	1.1	2.70
6735	1.1	17.54
6769	1.1	24.01
6770	1.1	32.29
6805	1.1	21.19
6806	1.1	7.99
6807	1.1	43.61
6845	1.1	7.03
7046	1.1	9.17
7328	1.1	21.84
7470	1.1	9.87
7510	1.1	0.41
7511	1.1	0.72
7512	1.1	5.06
7513	1.1	24.34
7514	1.1	32.64
7897	1.1	38.69
7993	1.1	16.90
8028	1.1	22.32
8029	1.1	18.90
8179	1.1	8.05
8194	1.1	36.02
8237	1.1	35.05
8284	1.1	29.11
8285	1.1	1.01
8287	1.1	26.33
8289	1.1	7.43
8290	1.1	19.13
8399	1.1	31.04
8514	1.1	34.15
8551	1.1	32.25
8660	1.1	24.81
9311	1.1	35.06
9334	1.1	35.63
9364	1.1	30.61
9790	1.1	19.39
9949	1.1	21.78
10017	1.1	17.37
10088	1.1	30.59
10239	1.1	27.97
10749	1.1	23.10
10752	1.1	38.16
10795	1.1	41.65
10798	1.1	44.91
10809	1.1	21.79
10859	1.1	16.49
10860	1.1	10.11
10861	1.1	11.72
10862	1.1	5.06
10863	1.1	1.38
10864	1.1	0.57
10930	1.1	14.33
10931	1.1	1.90
10932	1.1	0.43
10933	1.1	4.59
11270	1.1	38.22
11457	1.1	27.30
11683	1.1	14.88
11684	1.1	4.38
11687	1.1	10.30
11688	1.1	24.52
11691	1.1	22.15
11828	1.1	12.93
11902	1.1	25.43
11903	1.1	29.09
12179	1.1	39.43
12180	1.1	38.11
12225	1.1	4.16
12256	1.1	16.20
12287	1.1	24.80
12288	1.1	5.09
12289	1.1	2.67
12290	1.1	0.57
12328	1.1	12.63
12329	1.1	19.04
12361	1.1	26.21
12540	1.1	17.81
12730	1.1	6.55
13245	1.1	36.35
13247	1.1	20.43
13295	1.1	1.36
13312	1.1	40.76
13333	1.1	34.00
13348	1.1	20.17
13349	1.1	28.95
13419	1.1	26.02
13486	1.1	20.16
13489	1.1	31.18
13542	1.1	37.17
13725	1.1	25.62
13727	1.1	6.62
13728	1.1	16.64
13801	1.1	30.73
13822	1.1	25.12
13857	1.1	1.29
13858	1.1	11.91
13859	1.1	4.10
13865	1.1	39.52
13892	1.1	1.70
13893	1.1	7.81
13894	1.1	12.68
13895	1.1	4.46
14087	1.1	29.32
14186	1.1	15.15
14187	1.1	7.86
14302	1.1	6.10
14305	1.1	38.92
14306	1.1	27.05
14307	1.1	21.28
14322	1.1	39.27
14364	1.1	13.36
14387	1.1	18.03
14388	1.1	25.70
14389	1.1	17.01
14396	1.1	28.86
14495	1.1	23.50
14519	1.1	32.66
14531	1.1	31.05
14557	1.1	29.71
14558	1.1	23.87
14559	1.1	18.22
14560	1.1	6.70
14561	1.1	25.63
14564	1.1	26.66
14582	1.1	38.03
14624	1.1	38.72
14703	1.1	25.84
14750	1.1	25.58
14764	1.1	20.48
14802	1.1	34.14
14817	1.1	28.73
14826	1.1	35.30
14827	1.1	25.94
14854	1.1	37.45
14856	1.1	33.90
14885	1.1	32.56
14892	1.1	30.09
14999	1.1	37.07
15046	1.1	36.44
15078	1.1	32.60
15108	1.1	25.11
15139	1.1	27.77
15225	1.1	32.68
15271	1.1	17.34
15587	1.1	34.24
15588	1.1	5.00
15700	1.1	34.07
16011	1.1	31.42
16046	1.1	26.86
16323	1.1	35.31
16360	1.1	32.61
16658	1.1	23.06
16675	1.1	24.50
16818	1.1	20.02
17298	1.1	37.64
17518	1.1	19.93
17530	1.1	15.71
17532	1.1	6.27
18365	1.1	1.03
18380	1.1	27.36
18381	1.1	19.15
18382	1.1	9.77
18442	1.1	27.47
18443	1.1	38.78
19016	1.1	26.17
19193	1.1	24.29
19271	1.1	6.68
19272	1.1	16.83
19273	1.1	25.96
19784	1.1	20.38
19928	1.1	21.04
20204	1.1	26.59
20381	1.1	22.23
20568	1.1	27.72
21024	1.1	29.25
21168	1.1	25.99
21256	1.1	19.70
21257	1.1	8.26
21258	1.1	2.43
21274	1.1	19.74
21291	1.1	13.23
21533	1.1	38.44
21745	1.1	29.33
21918	1.1	1.15
21924	1.1	34.58
22020	1.1	2.60
22023	1.1	0.56
22026	1.1	14.27
22027	1.1	5.94
22121	1.1	28.27
22173	1.1	33.15
22214	1.1	36.92
22220	1.1	36.59
22229	1.1	32.76
22260	1.1	23.45
22469	1.1	22.87
22623	1.1	28.74
22624	1.1	26.96
22817	1.1	37.78
22883	1.1	2.34
22884	1.1	8.71
22885	1.1	4.76
22917	1.1	40.70
22918	1.1	33.19
22978	1.1	41.31
23195	1.1	32.71
23280	1.1	33.11
23281	1.1	10.60
23288	1.1	11.17
23289	1.1	3.48
23290	1.1	20.39
23351	1.1	23.28
23590	1.1	28.26
23685	1.1	23.84
23771	1.1	23.75
23949	1.1	33.48
23950	1.1	35.00
23975	1.1	32.22
24000	1.1	24.02
24259	1.1	29.09
24305	1.1	2.38
24306	1.1	16.71
24307	1.1	22.92
24308	1.1	27.20
24309	1.1	6.49
24845	1.1	30.05
25170	1.1	22.65
25232	1.1	20.21
25459	1.1	28.50
25607	1.1	17.63
25627	1.1	23.07
25780	1.1	33.37
25799	1.1	8.08
25940	1.1	21.31
25989	1.1	29.92
26016	1.1	35.37
26079	1.1	17.82
26138	1.1	35.05
26142	1.1	22.35
26149	1.1	34.08
26364	1.1	30.80
26378	1.1	28.31
26708	1.1	23.03
26767	1.1	9.11
27034	1.1	23.53
27233	1.1	20.24
27386	1.1	35.59
27533	1.1	29.48
27669	1.1	36.48
27722	1.1	33.49
27759	1.1	37.67
27763	1.1	42.94
27764	1.1	39.95
27766	1.1	40.40
27767	1.1	33.93
27918	1.1	30.43
27921	1.1	13.92
27922	1.1	31.38
28106	1.1	27.37
28108	1.1	20.33
28110	1.1	27.65
28111	1.1	28.24
28112	1.1	7.66
28114	1.1	14.45
28136	1.1	8.11
28408	1.1	32.63
28409	1.1	22.63
28662	1.1	33.07
28663	1.1	33.47
28814	1.1	12.65
28827	1.1	34.02
29120	1.1	17.29
29609	1.1	19.78
29712	1.1	33.79
30002	1.1	34.32
30670	1.1	3.86
30671	1.1	11.42
30672	1.1	7.43
30673	1.1	24.95
31473	1.1	6.84
33686	1.1	2.41
33918	1.1	18.04
33980	1.1	7.85
34315	1.1	4.83
34785	1.1	23.21
34929	1.1	21.84
35534	1.1	9.41
35679	1.1	14.42
35802	1.1	31.20
36128	1.1	33.93
36227	1.1	3.84
36228	1.1	0.55
36256	1.1	7.71
36504	1.1	31.73
36539	1.1	40.64
36540	1.1	38.72
36613	1.1	19.38
39418	1.1	37.81
41210	1.1	26.74
41217	1.1	6.82
41218	1.1	3.80
41219	1.1	13.73
41565	1.1	26.13
41705	1.1	1.06
41708	1.1	9.69
42541	1.1	34.77
4	1.2	34.34
46	1.2	10.14
47	1.2	28.61
52	1.2	37.31
108	1.2	31.79
111	1.2	38.09
121	1.2	39.54
137	1.2	29.23
142	1.2	23.56
143	1.2	31.44
144	1.2	14.43
145	1.2	37.34
146	1.2	34.20
186	1.2	27.44
197	1.2	33.18
252	1.2	31.43
253	1.2	34.67
273	1.2	34.85
291	1.2	2.07
293	1.2	4.24
315	1.2	18.51
323	1.2	32.33
326	1.2	32.93
332	1.2	33.11
382	1.2	30.85
385	1.2	39.13
406	1.2	32.65
416	1.2	0.87
470	1.2	24.01
487	1.2	5.70
488	1.2	9.45
494	1.2	11.86
495	1.2	21.64
497	1.2	2.38
498	1.2	0.49
525	1.2	0.40
526	1.2	1.89
527	1.2	5.58
528	1.2	20.66
531	1.2	22.72
596	1.2	27.59
602	1.2	15.43
604	1.2	7.93
614	1.2	27.47
619	1.2	17.28
620	1.2	29.74
621	1.2	23.52
622	1.2	5.79
645	1.2	5.93
651	1.2	12.00
652	1.2	23.17
653	1.2	19.11
654	1.2	28.07
659	1.2	0.68
661	1.2	1.18
662	1.2	28.77
663	1.2	21.24
664	1.2	3.22
665	1.2	6.75
672	1.2	0.36
673	1.2	0.56
674	1.2	13.93
676	1.2	1.76
973	1.2	0.71
989	1.2	39.91
990	1.2	26.08
991	1.2	15.52
1011	1.2	31.45
1052	1.2	2.00
1093	1.2	16.46
1097	1.2	4.43
1110	1.2	39.16
1115	1.2	9.79
1116	1.2	2.68
1118	1.2	0.48
1119	1.2	1.56
1140	1.2	37.51
1141	1.2	36.13
1142	1.2	22.08
1143	1.2	31.77
1144	1.2	7.56
1145	1.2	34.94
1146	1.2	30.01
1147	1.2	25.70
1159	1.2	0.51
1160	1.2	0.83
1161	1.2	9.15
1162	1.2	20.23
1164	1.2	34.32
1598	1.2	33.66
1805	1.2	8.92
1835	1.2	18.82
2005	1.2	37.32
2043	1.2	32.55
2044	1.2	15.92
2045	1.2	25.17
2070	1.2	6.83
2071	1.2	0.58
2072	1.2	0.37
2411	1.2	2.03
2527	1.2	29.14
2532	1.2	13.47
2533	1.2	21.03
2550	1.2	2.63
2648	1.2	32.31
2649	1.2	23.90
2650	1.2	14.33
2666	1.2	7.67
3018	1.2	0.54
3019	1.2	1.46
3020	1.2	6.30
3561	1.2	17.91
3615	1.2	28.76
3940	1.2	18.96
3967	1.2	37.51
3974	1.2	17.24
3996	1.2	31.69
3997	1.2	24.34
4184	1.2	35.35
4186	1.2	11.39
4195	1.2	3.71
4196	1.2	0.73
4197	1.2	0.44
4355	1.2	2.73
4356	1.2	26.56
4357	1.2	12.69
4358	1.2	7.17
4370	1.2	19.02
4404	1.2	19.63
4405	1.2	32.77
4463	1.2	32.89
4663	1.2	29.27
4672	1.2	35.03
5088	1.2	38.27
5312	1.2	39.48
5354	1.2	7.93
5383	1.2	1.31
5507	1.2	2.76
5656	1.2	15.97
5657	1.2	8.55
5663	1.2	0.37
5711	1.2	8.68
5712	1.2	23.93
5713	1.2	17.70
5723	1.2	36.85
5903	1.2	15.94
5990	1.2	0.53
5991	1.2	1.64
6138	1.2	2.98
6735	1.2	21.15
6769	1.2	26.73
6770	1.2	34.86
6805	1.2	24.74
6806	1.2	9.67
6807	1.2	45.72
6845	1.2	8.16
7046	1.2	10.72
7328	1.2	24.17
7470	1.2	11.84
7510	1.2	0.42
7511	1.2	0.75
7512	1.2	6.13
7513	1.2	26.97
7514	1.2	34.86
7897	1.2	41.26
7993	1.2	20.36
8028	1.2	25.06
8029	1.2	21.63
8179	1.2	9.95
8194	1.2	36.64
8237	1.2	35.31
8284	1.2	32.04
8285	1.2	1.28
8287	1.2	29.33
8289	1.2	9.20
8290	1.2	21.84
8399	1.2	33.77
8514	1.2	35.96
8551	1.2	34.66
8660	1.2	27.59
9311	1.2	36.53
9334	1.2	37.88
9364	1.2	32.42
9790	1.2	21.99
9949	1.2	24.39
10017	1.2	20.06
10088	1.2	33.02
10239	1.2	30.50
10749	1.2	25.96
10752	1.2	40.39
10795	1.2	43.69
10798	1.2	46.82
10809	1.2	24.28
10859	1.2	19.41
10860	1.2	12.85
10861	1.2	14.22
10862	1.2	6.23
10863	1.2	1.53
10864	1.2	0.59
10930	1.2	16.50
10931	1.2	2.33
10932	1.2	0.45
10933	1.2	5.85
11270	1.2	40.35
11457	1.2	30.43
11683	1.2	16.47
11684	1.2	5.98
11687	1.2	12.41
11688	1.2	25.32
11691	1.2	24.42
11828	1.2	14.92
11902	1.2	28.26
11903	1.2	31.31
12179	1.2	41.42
12180	1.2	39.77
12225	1.2	4.84
12256	1.2	18.82
12287	1.2	27.42
12288	1.2	5.96
12289	1.2	2.97
12290	1.2	0.60
12328	1.2	15.09
12329	1.2	21.57
12361	1.2	28.36
12540	1.2	20.13
12730	1.2	8.19
13245	1.2	38.60
13247	1.2	23.20
13295	1.2	1.81
13312	1.2	42.52
13333	1.2	36.09
13348	1.2	22.71
13349	1.2	31.39
13419	1.2	28.81
13486	1.2	22.66
13489	1.2	33.22
13542	1.2	39.34
13725	1.2	28.50
13727	1.2	7.40
13728	1.2	18.68
13801	1.2	33.02
13822	1.2	27.51
13857	1.2	1.45
13858	1.2	13.98
13859	1.2	4.94
13865	1.2	41.24
13892	1.2	1.94
13893	1.2	9.94
13894	1.2	15.27
13895	1.2	5.72
14087	1.2	32.02
14186	1.2	18.03
14187	1.2	9.63
14302	1.2	7.41
14305	1.2	41.46
14306	1.2	29.92
14307	1.2	24.09
14322	1.2	41.01
14364	1.2	15.37
14387	1.2	20.68
14388	1.2	27.53
14389	1.2	19.64
14396	1.2	31.61
14495	1.2	26.46
14519	1.2	34.90
14531	1.2	33.22
14557	1.2	32.04
14558	1.2	26.80
14559	1.2	20.91
14560	1.2	8.39
14561	1.2	28.54
14564	1.2	29.24
14582	1.2	40.33
14624	1.2	39.77
14703	1.2	28.49
14750	1.2	28.08
14764	1.2	23.41
14802	1.2	36.51
14817	1.2	31.32
14826	1.2	37.66
14827	1.2	28.80
14854	1.2	39.52
14856	1.2	35.98
14885	1.2	35.08
14892	1.2	32.42
14999	1.2	39.27
15046	1.2	38.46
15078	1.2	34.91
15108	1.2	27.60
15139	1.2	29.85
15225	1.2	35.19
15271	1.2	20.11
15587	1.2	37.26
15588	1.2	5.68
15700	1.2	36.89
16011	1.2	33.70
16046	1.2	29.89
16323	1.2	37.39
16360	1.2	35.24
16658	1.2	25.35
16675	1.2	27.19
16818	1.2	22.52
17298	1.2	39.86
17518	1.2	22.30
17530	1.2	18.57
17532	1.2	7.61
18365	1.2	1.10
18380	1.2	29.80
18381	1.2	22.03
18382	1.2	11.40
18442	1.2	30.24
18443	1.2	40.73
19016	1.2	29.07
19193	1.2	26.51
19271	1.2	8.09
19272	1.2	19.33
19273	1.2	28.25
19784	1.2	22.72
19928	1.2	23.52
20204	1.2	29.20
20381	1.2	24.80
20568	1.2	29.87
21024	1.2	32.02
21168	1.2	28.55
21256	1.2	22.46
21257	1.2	9.28
21258	1.2	2.47
21274	1.2	22.57
21291	1.2	15.62
21533	1.2	40.56
21745	1.2	31.96
21918	1.2	1.62
21924	1.2	37.30
22020	1.2	3.19
22023	1.2	0.58
22026	1.2	16.61
22027	1.2	7.25
22121	1.2	30.60
22173	1.2	35.43
22214	1.2	38.75
22220	1.2	38.75
22229	1.2	35.02
22260	1.2	26.49
22469	1.2	25.57
22623	1.2	31.58
22624	1.2	29.99
22817	1.2	39.57
22883	1.2	3.28
22884	1.2	11.10
22885	1.2	6.10
22917	1.2	42.78
22918	1.2	36.24
22978	1.2	42.66
23195	1.2	35.25
23280	1.2	35.68
23281	1.2	12.55
23288	1.2	12.87
23289	1.2	4.17
23290	1.2	21.97
23351	1.2	25.68
23590	1.2	31.14
23685	1.2	26.39
23771	1.2	26.62
23949	1.2	35.68
23950	1.2	37.35
23975	1.2	35.12
24000	1.2	27.36
24259	1.2	31.62
24305	1.2	2.98
24306	1.2	18.90
24307	1.2	25.71
24308	1.2	30.24
24309	1.2	7.51
24845	1.2	32.63
25170	1.2	25.60
25232	1.2	22.65
25459	1.2	30.93
25607	1.2	20.21
25627	1.2	25.74
25780	1.2	35.81
25799	1.2	9.44
25940	1.2	23.93
25989	1.2	32.24
26016	1.2	37.54
26079	1.2	20.25
26138	1.2	37.66
26142	1.2	24.92
26149	1.2	35.36
26364	1.2	33.36
26378	1.2	31.06
26708	1.2	25.93
26767	1.2	10.64
27034	1.2	26.32
27233	1.2	23.50
27386	1.2	37.46
27533	1.2	32.81
27669	1.2	38.91
27722	1.2	35.99
27759	1.2	39.50
27763	1.2	44.04
27764	1.2	41.67
27766	1.2	42.04
27767	1.2	36.20
27918	1.2	32.85
27921	1.2	16.12
27922	1.2	33.85
28106	1.2	27.50
28108	1.2	23.36
28110	1.2	30.29
28111	1.2	30.71
28112	1.2	9.27
28114	1.2	16.38
28136	1.2	11.20
28408	1.2	35.05
28409	1.2	24.45
28662	1.2	34.80
28663	1.2	36.13
28814	1.2	14.95
28827	1.2	35.80
29120	1.2	19.83
29609	1.2	22.44
29712	1.2	34.30
30002	1.2	35.15
30670	1.2	4.38
30671	1.2	14.19
30672	1.2	9.02
30673	1.2	27.85
31473	1.2	8.53
33686	1.2	3.30
33918	1.2	21.22
33980	1.2	9.99
34315	1.2	6.02
34785	1.2	25.82
34929	1.2	24.60
35534	1.2	11.03
35679	1.2	16.84
35802	1.2	33.72
36128	1.2	36.39
36227	1.2	4.99
36228	1.2	0.58
36256	1.2	10.04
36504	1.2	32.99
36539	1.2	42.34
36540	1.2	40.35
36613	1.2	21.52
39418	1.2	39.88
41210	1.2	29.36
41217	1.2	8.93
41218	1.2	5.37
41219	1.2	16.78
41565	1.2	29.07
41705	1.2	1.34
41708	1.2	12.30
42541	1.2	36.96
